Feature,Importance
sugar_g,0.2674952599851851
saturated_fat_g,0.21116703134426676
protein_g,0.18610062494226284
fiber_g,0.17360257863167788
sodium_mg,0.1510652046550305
carbs_g,0.005874705212229159
calories,0.0028666020913116473
fat_g,0.0013459519194498903
cholesterol_mg,0.0004820412185861666
